,precision,recall,f1-score,support
2,0.0,0.0,0.0,1.0
13,0.0,0.0,0.0,1.0
18,0.0,0.0,0.0,1.0
19,0.0,0.0,0.0,1.0
27,0.0,0.0,0.0,1.0
31,0.0,0.0,0.0,1.0
33,0.0,0.0,0.0,1.0
38,0.0,0.0,0.0,2.0
40,0.0,0.0,0.0,1.0
42,0.0,0.0,0.0,1.0
49,0.0,0.0,0.0,1.0
61,0.0,0.0,0.0,1.0
70,0.0,0.0,0.0,1.0
72,0.0,0.0,0.0,1.0
73,0.0,0.0,0.0,1.0
76,0.0,0.0,0.0,1.0
77,0.0,0.0,0.0,1.0
79,0.0,0.0,0.0,1.0
83,0.0,0.0,0.0,1.0
89,0.0,0.0,0.0,0.0
95,0.0,0.0,0.0,1.0
96,0.0,0.0,0.0,1.0
97,0.0,0.0,0.0,1.0
101,0.0,0.0,0.0,0.0
120,0.0,0.0,0.0,0.0
136,0.0,0.0,0.0,1.0
145,0.0,0.0,0.0,1.0
147,0.0,0.0,0.0,1.0
153,0.0,0.0,0.0,0.0
155,0.0,0.0,0.0,1.0
158,0.0,0.0,0.0,1.0
161,0.0,0.0,0.0,1.0
165,0.0,0.0,0.0,1.0
166,0.0,0.0,0.0,1.0
169,0.0,0.0,0.0,1.0
171,0.0,0.0,0.0,1.0
174,0.0,0.0,0.0,1.0
187,0.0,0.0,0.0,2.0
195,0.0,0.0,0.0,1.0
204,0.0,0.0,0.0,1.0
211,0.0,0.0,0.0,1.0
214,0.0,0.0,0.0,1.0
217,0.0,0.0,0.0,1.0
218,0.0,0.0,0.0,1.0
232,0.0,0.0,0.0,1.0
238,0.0,0.0,0.0,1.0
249,0.0,0.0,0.0,0.0
252,0.0,0.0,0.0,1.0
256,0.0,0.0,0.0,1.0
258,0.0,0.0,0.0,1.0
260,0.0,0.0,0.0,1.0
264,0.0,0.0,0.0,1.0
266,0.0,0.0,0.0,0.0
268,0.0,0.0,0.0,1.0
276,0.0,0.0,0.0,1.0
281,0.0,0.0,0.0,1.0
289,0.0,0.0,0.0,1.0
291,0.0,0.0,0.0,1.0
293,0.0,0.0,0.0,0.0
294,0.0,0.0,0.0,1.0
299,0.0,0.0,0.0,1.0
304,0.0,0.0,0.0,1.0
312,0.0,0.0,0.0,1.0
315,0.0,0.0,0.0,2.0
321,0.0,0.0,0.0,1.0
327,0.0,0.0,0.0,1.0
333,0.0,0.0,0.0,1.0
334,0.0,0.0,0.0,1.0
338,0.0,0.0,0.0,1.0
341,0.0,0.0,0.0,1.0
353,0.0,0.0,0.0,1.0
362,0.0,0.0,0.0,2.0
365,0.0,0.0,0.0,1.0
368,0.0,0.0,0.0,0.0
370,0.0,0.0,0.0,1.0
377,0.0,0.0,0.0,1.0
387,0.0,0.0,0.0,1.0
391,0.0,0.0,0.0,1.0
394,0.0,0.0,0.0,1.0
395,0.0,0.0,0.0,1.0
396,0.0,0.0,0.0,1.0
399,0.0,0.0,0.0,1.0
401,0.0,0.0,0.0,0.0
405,0.0,0.0,0.0,1.0
408,0.0,0.0,0.0,1.0
410,0.0,0.0,0.0,1.0
413,0.0,0.0,0.0,2.0
415,0.0,0.0,0.0,1.0
417,0.0,0.0,0.0,1.0
421,0.0,0.0,0.0,1.0
426,0.0,0.0,0.0,2.0
431,0.0,0.0,0.0,1.0
432,0.0,0.0,0.0,0.0
436,0.0,0.0,0.0,1.0
438,0.0,0.0,0.0,2.0
439,0.0,0.0,0.0,1.0
440,0.0,0.0,0.0,1.0
441,0.0,0.0,0.0,1.0
443,0.0,0.0,0.0,1.0
461,0.0,0.0,0.0,2.0
465,0.0,0.0,0.0,1.0
473,0.0,0.0,0.0,0.0
474,0.0,0.0,0.0,1.0
482,0.0,0.0,0.0,1.0
498,0.0,0.0,0.0,1.0
499,0.0,0.0,0.0,1.0
504,0.11055276381909548,0.4782608695652174,0.17959183673469387,46.0
508,0.0,0.0,0.0,1.0
521,0.0,0.0,0.0,1.0
522,0.0,0.0,0.0,1.0
534,0.0,0.0,0.0,2.0
536,0.0,0.0,0.0,2.0
543,0.0,0.0,0.0,1.0
547,0.0,0.0,0.0,1.0
557,0.0,0.0,0.0,2.0
558,0.0,0.0,0.0,1.0
562,0.0,0.0,0.0,1.0
570,0.0,0.0,0.0,1.0
572,0.0,0.0,0.0,2.0
574,0.0,0.0,0.0,1.0
578,0.0,0.0,0.0,1.0
580,0.0,0.0,0.0,1.0
583,0.0,0.0,0.0,1.0
584,0.0,0.0,0.0,1.0
591,0.0,0.0,0.0,1.0
592,0.0,0.0,0.0,1.0
601,0.0,0.0,0.0,1.0
607,0.0,0.0,0.0,4.0
608,0.0,0.0,0.0,1.0
612,0.0,0.0,0.0,1.0
616,0.0,0.0,0.0,1.0
622,0.0,0.0,0.0,2.0
625,0.0,0.0,0.0,2.0
639,0.0,0.0,0.0,1.0
640,0.0,0.0,0.0,4.0
644,0.0,0.0,0.0,0.0
650,0.0,0.0,0.0,1.0
651,0.0,0.0,0.0,1.0
652,0.0,0.0,0.0,0.0
659,0.0,0.0,0.0,2.0
663,0.0,0.0,0.0,2.0
679,0.0,0.0,0.0,3.0
681,0.0,0.0,0.0,1.0
685,0.0,0.0,0.0,0.0
687,0.0,0.0,0.0,1.0
689,0.0,0.0,0.0,1.0
701,0.0,0.0,0.0,1.0
702,0.0,0.0,0.0,1.0
709,0.0,0.0,0.0,1.0
733,0.0,0.0,0.0,1.0
748,0.0,0.0,0.0,1.0
749,0.0,0.0,0.0,1.0
753,0.0,0.0,0.0,1.0
760,0.0,0.0,0.0,1.0
762,0.0,0.0,0.0,1.0
766,0.0,0.0,0.0,1.0
772,0.0,0.0,0.0,2.0
775,0.0,0.0,0.0,1.0
780,0.0,0.0,0.0,1.0
787,0.0,0.0,0.0,1.0
790,0.0,0.0,0.0,1.0
792,0.0,0.0,0.0,1.0
796,0.0,0.0,0.0,0.0
800,0.0,0.0,0.0,1.0
801,0.0,0.0,0.0,1.0
806,0.0,0.0,0.0,1.0
810,0.0,0.0,0.0,1.0
812,0.0,0.0,0.0,1.0
830,0.0,0.0,0.0,1.0
831,0.0,0.0,0.0,1.0
832,0.0,0.0,0.0,0.0
833,0.0,0.0,0.0,1.0
835,0.0,0.0,0.0,1.0
840,0.0,0.0,0.0,1.0
845,0.0,0.0,0.0,1.0
856,0.0,0.0,0.0,1.0
870,0.0,0.0,0.0,1.0
871,0.0,0.0,0.0,1.0
873,0.0,0.0,0.0,1.0
887,0.0,0.0,0.0,1.0
889,0.0,0.0,0.0,1.0
896,0.0,0.0,0.0,1.0
904,0.0,0.0,0.0,1.0
905,0.0,0.0,0.0,0.0
907,0.0,0.0,0.0,1.0
911,0.0,0.0,0.0,1.0
914,0.0,0.0,0.0,1.0
926,0.0,0.0,0.0,1.0
929,0.0,0.0,0.0,0.0
930,0.0,0.0,0.0,1.0
934,0.0,0.0,0.0,1.0
935,0.0,0.0,0.0,1.0
938,0.0,0.0,0.0,1.0
946,0.0,0.0,0.0,1.0
951,0.0,0.0,0.0,1.0
952,0.0,0.0,0.0,1.0
955,0.0,0.0,0.0,1.0
963,0.0,0.0,0.0,1.0
968,0.0,0.0,0.0,1.0
972,0.0,0.0,0.0,0.0
979,0.0,0.0,0.0,1.0
980,0.0,0.0,0.0,1.0
984,0.0,0.0,0.0,1.0
986,0.0,0.0,0.0,2.0
991,0.0,0.0,0.0,0.0
1001,0.0,0.0,0.0,0.0
1005,0.0,0.0,0.0,1.0
1009,0.0,0.0,0.0,1.0
1018,0.0,0.0,0.0,1.0
1027,0.0,0.0,0.0,1.0
1034,0.0,0.0,0.0,1.0
1038,0.0,0.0,0.0,3.0
1040,0.0,0.0,0.0,1.0
1058,0.0,0.0,0.0,1.0
1059,0.0,0.0,0.0,1.0
1065,0.0,0.0,0.0,1.0
1073,0.0,0.0,0.0,1.0
1074,0.0,0.0,0.0,1.0
1077,0.0,0.0,0.0,1.0
1079,0.0,0.0,0.0,1.0
1080,0.0,0.0,0.0,1.0
1088,0.0,0.0,0.0,1.0
1090,0.0,0.0,0.0,7.0
1094,0.0,0.0,0.0,1.0
1104,0.0,0.0,0.0,2.0
1105,0.0,0.0,0.0,1.0
1106,0.0,0.0,0.0,0.0
1113,0.0,0.0,0.0,1.0
1125,0.0,0.0,0.0,1.0
1131,0.0,0.0,0.0,1.0
1132,0.0,0.0,0.0,1.0
1135,0.0,0.0,0.0,1.0
1137,0.0,0.0,0.0,1.0
1150,0.0,0.0,0.0,1.0
1156,0.0,0.0,0.0,1.0
1159,0.0,0.0,0.0,1.0
1160,0.0,0.0,0.0,1.0
1162,0.0,0.0,0.0,1.0
1164,0.0,0.0,0.0,1.0
1165,0.0,0.0,0.0,1.0
1167,0.0,0.0,0.0,1.0
1171,0.0,0.0,0.0,0.0
1176,0.0,0.0,0.0,1.0
1191,0.0,0.0,0.0,1.0
1197,0.0,0.0,0.0,3.0
1199,0.0,0.0,0.0,1.0
1208,0.0,0.0,0.0,2.0
1212,0.0,0.0,0.0,0.0
1216,0.0,0.0,0.0,1.0
1227,0.0,0.0,0.0,2.0
1229,0.0,0.0,0.0,1.0
1231,0.0,0.0,0.0,1.0
1236,0.0,0.0,0.0,0.0
1241,0.0,0.0,0.0,1.0
1242,0.0,0.0,0.0,1.0
1250,0.0,0.0,0.0,1.0
1251,0.0,0.0,0.0,2.0
1252,0.0,0.0,0.0,1.0
1253,0.0,0.0,0.0,0.0
1256,0.0,0.0,0.0,1.0
1262,0.0,0.0,0.0,0.0
1264,0.0,0.0,0.0,1.0
1273,0.0,0.0,0.0,1.0
1282,0.0,0.0,0.0,0.0
1285,0.0,0.0,0.0,1.0
1287,0.0,0.0,0.0,3.0
1294,0.0,0.0,0.0,1.0
1299,0.0,0.0,0.0,0.0
1300,0.0,0.0,0.0,1.0
1304,0.0,0.0,0.0,1.0
1312,0.0,0.0,0.0,0.0
1317,0.0,0.0,0.0,1.0
1320,0.0,0.0,0.0,1.0
1330,0.0,0.0,0.0,1.0
1340,0.0,0.0,0.0,0.0
1341,0.0,0.0,0.0,1.0
1342,0.0,0.0,0.0,1.0
1353,0.0,0.0,0.0,1.0
1356,0.0,0.0,0.0,1.0
1357,0.0,0.0,0.0,1.0
1358,0.0,0.0,0.0,1.0
1361,0.0,0.0,0.0,3.0
1363,0.0,0.0,0.0,1.0
1364,0.0,0.0,0.0,1.0
1377,0.0,0.0,0.0,1.0
1385,0.0,0.0,0.0,0.0
1387,0.0,0.0,0.0,1.0
1390,0.0,0.0,0.0,2.0
1393,0.0,0.0,0.0,1.0
1403,0.0,0.0,0.0,1.0
1417,0.0,0.0,0.0,1.0
1420,0.0,0.0,0.0,1.0
1422,0.0,0.0,0.0,1.0
1423,0.0,0.0,0.0,1.0
1429,0.0,0.0,0.0,3.0
1440,0.0,0.0,0.0,1.0
1443,0.0,0.0,0.0,0.0
1450,0.0,0.0,0.0,1.0
1452,0.0,0.0,0.0,3.0
1459,0.0,0.0,0.0,1.0
1462,0.0,0.0,0.0,1.0
1465,0.0,0.0,0.0,1.0
1475,0.0,0.0,0.0,2.0
1480,0.1,0.16666666666666666,0.125,12.0
1486,0.0,0.0,0.0,1.0
1493,0.0,0.0,0.0,1.0
1499,0.0,0.0,0.0,3.0
1512,0.0,0.0,0.0,1.0
1516,0.0,0.0,0.0,1.0
1530,0.0,0.0,0.0,0.0
1539,0.0,0.0,0.0,1.0
1549,0.0,0.0,0.0,1.0
1552,0.0,0.0,0.0,1.0
1574,0.0,0.0,0.0,2.0
1576,0.0,0.0,0.0,0.0
1579,0.0,0.0,0.0,1.0
1585,0.0,0.0,0.0,1.0
1586,0.0,0.0,0.0,1.0
1587,0.0,0.0,0.0,1.0
1604,0.0,0.0,0.0,1.0
1605,0.0,0.0,0.0,0.0
1608,0.0,0.0,0.0,1.0
1610,0.0,0.0,0.0,1.0
1616,0.0,0.0,0.0,1.0
1622,0.0,0.0,0.0,0.0
1626,0.0,0.0,0.0,2.0
1627,0.0,0.0,0.0,0.0
1657,0.0,0.0,0.0,0.0
1667,0.0,0.0,0.0,2.0
1674,0.0,0.0,0.0,1.0
1685,0.0,0.0,0.0,1.0
1692,0.0,0.0,0.0,1.0
1693,0.0,0.0,0.0,1.0
1698,0.0,0.0,0.0,1.0
1701,0.0,0.0,0.0,1.0
1708,0.0,0.0,0.0,1.0
1721,0.0,0.0,0.0,1.0
1723,0.0,0.0,0.0,1.0
1730,0.0,0.0,0.0,1.0
1733,0.0,0.0,0.0,1.0
1734,0.0,0.0,0.0,1.0
1735,0.0,0.0,0.0,1.0
1740,0.0,0.0,0.0,1.0
1743,0.0,0.0,0.0,1.0
1745,0.0,0.0,0.0,1.0
1760,0.0,0.0,0.0,1.0
1770,0.0,0.0,0.0,2.0
1771,0.0,0.0,0.0,1.0
1779,0.0,0.0,0.0,1.0
1780,0.0,0.0,0.0,1.0
1785,0.0,0.0,0.0,1.0
1787,0.0,0.0,0.0,1.0
1789,0.0,0.0,0.0,1.0
1792,0.0,0.0,0.0,1.0
1803,0.0,0.0,0.0,1.0
1804,0.0,0.0,0.0,1.0
1805,0.0,0.0,0.0,1.0
1814,0.0,0.0,0.0,2.0
1819,0.0,0.0,0.0,1.0
1822,0.0,0.0,0.0,1.0
1829,0.0,0.0,0.0,1.0
1852,0.0,0.0,0.0,1.0
1853,0.0,0.0,0.0,1.0
1855,0.0,0.0,0.0,2.0
1858,0.0,0.0,0.0,1.0
1860,0.0,0.0,0.0,1.0
1863,0.0,0.0,0.0,1.0
1867,0.0,0.0,0.0,0.0
1880,0.0,0.0,0.0,1.0
1881,0.0,0.0,0.0,1.0
1883,0.0,0.0,0.0,0.0
1891,0.0,0.0,0.0,1.0
1892,0.0,0.0,0.0,1.0
1896,0.0,0.0,0.0,1.0
1907,0.0,0.0,0.0,1.0
1908,0.0,0.0,0.0,2.0
1909,0.0,0.0,0.0,1.0
1912,0.0,0.0,0.0,1.0
1915,0.0,0.0,0.0,1.0
1920,0.0,0.0,0.0,1.0
1926,0.0,0.0,0.0,1.0
1928,0.0,0.0,0.0,2.0
1929,0.0,0.0,0.0,1.0
1937,0.0,0.0,0.0,1.0
1938,0.0,0.0,0.0,1.0
1941,0.0,0.0,0.0,1.0
1942,0.0,0.0,0.0,1.0
1952,0.0,0.0,0.0,1.0
1954,0.0,0.0,0.0,1.0
1980,0.0,0.0,0.0,1.0
1986,0.0,0.0,0.0,1.0
1988,0.0,0.0,0.0,1.0
1992,0.0,0.0,0.0,1.0
2011,0.0,0.0,0.0,1.0
2023,0.0,0.0,0.0,1.0
2035,0.0,0.0,0.0,1.0
2037,0.0,0.0,0.0,2.0
2040,0.0,0.0,0.0,1.0
2051,0.0,0.0,0.0,2.0
2054,0.0,0.0,0.0,1.0
2061,0.0,0.0,0.0,1.0
2063,0.0,0.0,0.0,1.0
2066,0.0,0.0,0.0,1.0
2067,0.0,0.0,0.0,1.0
2071,0.0,0.0,0.0,1.0
2075,0.0,0.0,0.0,2.0
2084,0.0,0.0,0.0,1.0
2092,0.0,0.0,0.0,5.0
2097,0.0,0.0,0.0,1.0
2103,0.0,0.0,0.0,1.0
2104,0.0,0.0,0.0,1.0
2106,0.0,0.0,0.0,0.0
2110,0.0,0.0,0.0,1.0
2113,0.0,0.0,0.0,1.0
2117,0.0,0.0,0.0,1.0
2123,0.0,0.0,0.0,1.0
2125,0.0,0.0,0.0,2.0
2138,0.0,0.0,0.0,3.0
2145,0.0,0.0,0.0,2.0
2147,0.0,0.0,0.0,1.0
2148,0.0,0.0,0.0,3.0
2149,0.0,0.0,0.0,1.0
2153,0.0,0.0,0.0,1.0
2162,0.0,0.0,0.0,2.0
2178,0.0,0.0,0.0,1.0
2180,0.0,0.0,0.0,1.0
2191,0.0,0.0,0.0,1.0
2197,0.0,0.0,0.0,1.0
2205,0.0,0.0,0.0,1.0
2206,0.0,0.0,0.0,1.0
2221,0.0,0.0,0.0,1.0
2223,0.0,0.0,0.0,1.0
2225,0.0,0.0,0.0,0.0
2227,0.0,0.0,0.0,0.0
2230,0.0,0.0,0.0,1.0
2231,0.0,0.0,0.0,1.0
2233,0.0,0.0,0.0,1.0
2241,0.0,0.0,0.0,1.0
2244,0.0625,0.5,0.1111111111111111,2.0
2246,0.0,0.0,0.0,1.0
2247,0.0,0.0,0.0,1.0
2258,0.0,0.0,0.0,1.0
2263,0.0,0.0,0.0,2.0
2271,0.0,0.0,0.0,4.0
2275,0.0,0.0,0.0,0.0
2289,0.0,0.0,0.0,1.0
2291,0.0,0.0,0.0,1.0
2305,0.0,0.0,0.0,1.0
2309,0.0,0.0,0.0,2.0
2310,0.0,0.0,0.0,5.0
2313,0.0,0.0,0.0,1.0
2319,0.0,0.0,0.0,1.0
2331,0.0,0.0,0.0,0.0
2346,0.0,0.0,0.0,3.0
2348,0.0,0.0,0.0,0.0
2356,0.0,0.0,0.0,2.0
2361,0.0,0.0,0.0,1.0
2370,0.0,0.0,0.0,1.0
2372,0.0,0.0,0.0,0.0
2374,0.0,0.0,0.0,1.0
2375,0.0,0.0,0.0,2.0
2379,0.0,0.0,0.0,1.0
2381,0.0,0.0,0.0,2.0
2385,0.0,0.0,0.0,3.0
2389,0.0,0.0,0.0,1.0
2395,0.0,0.0,0.0,1.0
2396,0.0,0.0,0.0,1.0
2398,0.0,0.0,0.0,2.0
2406,0.0,0.0,0.0,1.0
2407,0.0,0.0,0.0,3.0
2410,0.0,0.0,0.0,1.0
2421,0.0,0.0,0.0,1.0
2424,0.0,0.0,0.0,1.0
2426,0.0,0.0,0.0,1.0
2434,0.0,0.0,0.0,2.0
2438,0.0,0.0,0.0,1.0
2450,0.0,0.0,0.0,1.0
2451,0.0,0.0,0.0,0.0
2455,0.0,0.0,0.0,1.0
2464,0.0,0.0,0.0,1.0
2469,0.0,0.0,0.0,1.0
2474,0.0,0.0,0.0,1.0
2487,0.0,0.0,0.0,1.0
2488,0.0,0.0,0.0,1.0
2490,0.0,0.0,0.0,1.0
2493,0.0,0.0,0.0,1.0
2496,0.0,0.0,0.0,1.0
2498,0.0,0.0,0.0,1.0
2500,0.0,0.0,0.0,2.0
2503,0.0,0.0,0.0,1.0
2504,0.0,0.0,0.0,1.0
2509,0.0,0.0,0.0,1.0
2511,0.0,0.0,0.0,4.0
2521,0.0,0.0,0.0,2.0
2527,0.0,0.0,0.0,1.0
2529,0.0,0.0,0.0,1.0
2537,0.0,0.0,0.0,1.0
2542,0.0,0.0,0.0,1.0
2546,0.0,0.0,0.0,1.0
2554,0.0,0.0,0.0,1.0
2558,0.0,0.0,0.0,1.0
2560,0.0,0.0,0.0,1.0
2571,0.0,0.0,0.0,1.0
2596,0.0,0.0,0.0,1.0
2598,0.0,0.0,0.0,1.0
2609,0.0,0.0,0.0,0.0
2612,0.0,0.0,0.0,1.0
2618,0.0,0.0,0.0,1.0
2623,0.0,0.0,0.0,1.0
2627,0.0,0.0,0.0,1.0
2631,0.0,0.0,0.0,1.0
2634,0.0,0.0,0.0,1.0
2635,0.0,0.0,0.0,1.0
2644,0.0,0.0,0.0,1.0
2647,0.0,0.0,0.0,1.0
2654,0.0,0.0,0.0,0.0
2668,0.0,0.0,0.0,1.0
2672,0.0,0.0,0.0,2.0
2683,0.0,0.0,0.0,1.0
2687,0.0,0.0,0.0,1.0
2690,0.0,0.0,0.0,1.0
2691,0.0,0.0,0.0,2.0
2692,0.0,0.0,0.0,1.0
2696,0.0,0.0,0.0,0.0
2701,0.0,0.0,0.0,1.0
2706,0.0,0.0,0.0,1.0
2712,0.0,0.0,0.0,1.0
2718,0.0,0.0,0.0,1.0
2724,0.0,0.0,0.0,1.0
2735,0.0,0.0,0.0,1.0
2739,0.0,0.0,0.0,1.0
2743,0.0,0.0,0.0,1.0
2748,0.0,0.0,0.0,1.0
2754,0.0,0.0,0.0,1.0
2755,0.0,0.0,0.0,1.0
2757,0.0,0.0,0.0,1.0
2760,0.0,0.0,0.0,0.0
2764,0.0,0.0,0.0,0.0
2774,0.0,0.0,0.0,1.0
2776,0.0,0.0,0.0,3.0
2779,0.0,0.0,0.0,4.0
2800,0.0,0.0,0.0,1.0
2803,0.0,0.0,0.0,1.0
2806,0.0,0.0,0.0,1.0
2809,0.0,0.0,0.0,2.0
2815,0.0,0.0,0.0,1.0
2829,0.07142857142857142,1.0,0.13333333333333333,1.0
2833,0.0,0.0,0.0,1.0
2840,0.0,0.0,0.0,1.0
2841,0.0,0.0,0.0,1.0
2843,0.0,0.0,0.0,1.0
2852,0.0,0.0,0.0,1.0
2854,0.0,0.0,0.0,2.0
2857,0.0,0.0,0.0,1.0
2860,0.0,0.0,0.0,1.0
2865,0.0,0.0,0.0,1.0
2873,0.0,0.0,0.0,1.0
2885,0.0,0.0,0.0,1.0
2906,0.0,0.0,0.0,8.0
2912,0.0,0.0,0.0,1.0
2914,0.0,0.0,0.0,1.0
2920,0.0,0.0,0.0,1.0
2923,0.0,0.0,0.0,2.0
2927,0.0,0.0,0.0,1.0
2928,0.0,0.0,0.0,1.0
2934,0.0,0.0,0.0,4.0
2936,0.0,0.0,0.0,3.0
2939,0.0,0.0,0.0,1.0
2940,0.0,0.0,0.0,1.0
2950,0.0,0.0,0.0,1.0
2951,0.0,0.0,0.0,0.0
2961,0.0,0.0,0.0,1.0
2967,0.0,0.0,0.0,1.0
2974,0.0,0.0,0.0,1.0
2981,0.0,0.0,0.0,1.0
2986,0.0,0.0,0.0,1.0
2989,0.0,0.0,0.0,0.0
2992,0.0,0.0,0.0,1.0
3002,0.0,0.0,0.0,1.0
3003,0.0,0.0,0.0,2.0
3008,0.0,0.0,0.0,1.0
3011,0.0,0.0,0.0,1.0
3013,0.0,0.0,0.0,1.0
3036,0.0,0.0,0.0,1.0
3042,0.0,0.0,0.0,1.0
3045,0.0,0.0,0.0,1.0
3052,0.0,0.0,0.0,1.0
3053,0.0,0.0,0.0,1.0
3055,0.0,0.0,0.0,1.0
3063,0.0,0.0,0.0,2.0
3070,0.0,0.0,0.0,1.0
3075,0.0,0.0,0.0,1.0
3082,0.0,0.0,0.0,2.0
3088,0.0,0.0,0.0,1.0
3093,0.0,0.0,0.0,1.0
3097,0.0,0.0,0.0,1.0
3101,0.0,0.0,0.0,1.0
3108,0.0,0.0,0.0,1.0
3118,0.0,0.0,0.0,0.0
3120,0.0,0.0,0.0,0.0
3124,0.0,0.0,0.0,0.0
3134,0.0,0.0,0.0,1.0
3145,0.0,0.0,0.0,2.0
3146,0.0,0.0,0.0,1.0
3147,0.0,0.0,0.0,1.0
3151,0.0,0.0,0.0,3.0
3156,0.0,0.0,0.0,1.0
3165,0.0,0.0,0.0,1.0
3169,0.0,0.0,0.0,1.0
3195,0.0,0.0,0.0,1.0
3200,0.0,0.0,0.0,0.0
3202,0.0,0.0,0.0,1.0
3210,0.08333333333333333,0.3333333333333333,0.13333333333333333,3.0
3213,0.0,0.0,0.0,1.0
3220,0.0,0.0,0.0,1.0
3223,0.0,0.0,0.0,1.0
3226,0.0,0.0,0.0,1.0
3228,0.0,0.0,0.0,0.0
3233,0.0,0.0,0.0,1.0
3237,0.0,0.0,0.0,1.0
3239,0.0,0.0,0.0,1.0
3243,0.0,0.0,0.0,1.0
3253,0.0,0.0,0.0,1.0
3259,0.0,0.0,0.0,2.0
3267,0.0,0.0,0.0,0.0
3274,0.07692307692307693,0.3333333333333333,0.125,6.0
3277,0.0,0.0,0.0,4.0
3279,0.0,0.0,0.0,1.0
3280,0.0,0.0,0.0,1.0
3282,0.0,0.0,0.0,1.0
3290,0.0,0.0,0.0,3.0
3314,0.0,0.0,0.0,1.0
3315,0.0,0.0,0.0,1.0
3320,0.0,0.0,0.0,1.0
3326,0.0,0.0,0.0,1.0
3327,0.0,0.0,0.0,1.0
3332,0.0,0.0,0.0,1.0
3336,0.0,0.0,0.0,1.0
3339,0.0,0.0,0.0,1.0
3342,0.0,0.0,0.0,1.0
3350,0.0,0.0,0.0,2.0
3352,0.0,0.0,0.0,0.0
3357,0.0,0.0,0.0,1.0
3365,0.0,0.0,0.0,1.0
3367,0.0,0.0,0.0,1.0
3371,0.0,0.0,0.0,1.0
3378,0.0,0.0,0.0,1.0
3381,0.0,0.0,0.0,1.0
3382,0.0,0.0,0.0,1.0
3383,0.0,0.0,0.0,1.0
3388,0.0,0.0,0.0,1.0
3395,0.0,0.0,0.0,1.0
3397,0.0,0.0,0.0,1.0
3398,0.0,0.0,0.0,1.0
3399,0.0,0.0,0.0,5.0
3402,0.0,0.0,0.0,1.0
3414,0.0,0.0,0.0,1.0
3415,0.0,0.0,0.0,1.0
3416,0.0,0.0,0.0,0.0
3421,0.0,0.0,0.0,1.0
3422,0.0,0.0,0.0,1.0
3424,0.0,0.0,0.0,2.0
3425,0.0,0.0,0.0,0.0
3426,0.0,0.0,0.0,1.0
3431,0.0,0.0,0.0,1.0
3440,0.0,0.0,0.0,1.0
3446,0.0,0.0,0.0,1.0
3457,0.0,0.0,0.0,1.0
3464,0.0,0.0,0.0,1.0
3473,0.0,0.0,0.0,2.0
3482,0.0,0.0,0.0,1.0
3489,0.0,0.0,0.0,1.0
3517,0.0,0.0,0.0,0.0
3518,0.0,0.0,0.0,1.0
3535,0.0,0.0,0.0,1.0
3540,0.0,0.0,0.0,1.0
3545,0.0,0.0,0.0,1.0
3550,0.0,0.0,0.0,1.0
3564,0.0,0.0,0.0,0.0
3574,0.0,0.0,0.0,1.0
3585,0.0,0.0,0.0,1.0
3586,0.0,0.0,0.0,1.0
3594,0.0,0.0,0.0,1.0
3598,0.0,0.0,0.0,1.0
3599,0.0,0.0,0.0,1.0
3601,0.0,0.0,0.0,1.0
3602,0.0,0.0,0.0,1.0
3603,0.0,0.0,0.0,3.0
3604,0.0,0.0,0.0,1.0
3606,0.0,0.0,0.0,0.0
3611,0.0,0.0,0.0,1.0
3613,0.0,0.0,0.0,1.0
3614,0.06896551724137931,0.3333333333333333,0.11428571428571428,18.0
3618,0.0,0.0,0.0,1.0
3621,0.0,0.0,0.0,1.0
3627,0.0,0.0,0.0,3.0
3628,0.0,0.0,0.0,1.0
3636,0.0,0.0,0.0,1.0
3637,0.0,0.0,0.0,1.0
3641,0.0,0.0,0.0,1.0
3642,0.0,0.0,0.0,1.0
3646,0.0,0.0,0.0,1.0
3655,0.0,0.0,0.0,1.0
3662,0.0,0.0,0.0,1.0
3671,0.0,0.0,0.0,1.0
3704,0.0,0.0,0.0,3.0
3716,0.0,0.0,0.0,1.0
3719,0.0,0.0,0.0,2.0
3720,0.0,0.0,0.0,1.0
3722,0.0,0.0,0.0,1.0
3729,0.0,0.0,0.0,0.0
3731,0.0,0.0,0.0,1.0
3738,0.0,0.0,0.0,1.0
3751,0.0,0.0,0.0,1.0
3760,0.0,0.0,0.0,1.0
3762,0.0,0.0,0.0,1.0
3763,0.0,0.0,0.0,1.0
3772,0.0,0.0,0.0,3.0
3773,0.0,0.0,0.0,1.0
3788,0.0,0.0,0.0,2.0
3792,0.0,0.0,0.0,1.0
3793,0.0,0.0,0.0,1.0
3796,0.0,0.0,0.0,1.0
3799,0.0,0.0,0.0,1.0
3800,0.0,0.0,0.0,0.0
3804,0.0,0.0,0.0,1.0
3813,0.0,0.0,0.0,1.0
3815,0.0,0.0,0.0,1.0
3828,0.0,0.0,0.0,1.0
3830,0.0,0.0,0.0,0.0
3836,0.0,0.0,0.0,3.0
3841,0.0,0.0,0.0,1.0
3844,0.0,0.0,0.0,1.0
3846,0.0,0.0,0.0,1.0
3847,0.0,0.0,0.0,0.0
3851,0.0,0.0,0.0,1.0
3853,0.0,0.0,0.0,1.0
3864,0.0,0.0,0.0,1.0
3866,0.0,0.0,0.0,1.0
3869,0.0,0.0,0.0,1.0
3873,0.0,0.0,0.0,1.0
3877,0.0,0.0,0.0,1.0
3887,0.0,0.0,0.0,1.0
3893,0.0,0.0,0.0,2.0
3906,0.0,0.0,0.0,1.0
3907,0.0,0.0,0.0,1.0
3912,0.0,0.0,0.0,1.0
3913,0.0,0.0,0.0,1.0
3914,0.0,0.0,0.0,1.0
3920,0.0,0.0,0.0,1.0
3921,0.0,0.0,0.0,1.0
3928,0.0,0.0,0.0,1.0
3931,0.0,0.0,0.0,1.0
3932,0.0,0.0,0.0,2.0
3934,0.0,0.0,0.0,1.0
3944,0.0,0.0,0.0,1.0
3946,0.0,0.0,0.0,1.0
3949,0.0,0.0,0.0,1.0
3960,0.0,0.0,0.0,1.0
3966,0.0,0.0,0.0,1.0
3975,0.0,0.0,0.0,1.0
3977,0.0,0.0,0.0,1.0
3984,0.0,0.0,0.0,1.0
3987,0.0,0.0,0.0,1.0
3990,0.0,0.0,0.0,2.0
4003,0.0,0.0,0.0,1.0
4011,0.0,0.0,0.0,1.0
4019,0.0,0.0,0.0,1.0
4023,0.0,0.0,0.0,1.0
4033,0.0,0.0,0.0,1.0
4043,0.0,0.0,0.0,1.0
4047,0.0,0.0,0.0,1.0
4053,0.0,0.0,0.0,1.0
4056,0.0,0.0,0.0,1.0
4057,0.0,0.0,0.0,0.0
4063,0.0,0.0,0.0,1.0
4070,0.0,0.0,0.0,0.0
4072,0.0,0.0,0.0,1.0
4076,0.0,0.0,0.0,2.0
4077,0.0,0.0,0.0,1.0
4096,0.0,0.0,0.0,1.0
4097,0.0,0.0,0.0,1.0
4101,0.0,0.0,0.0,1.0
4112,0.0,0.0,0.0,1.0
4119,0.0,0.0,0.0,0.0
4122,0.043478260869565216,0.07692307692307693,0.05555555555555555,13.0
4129,0.0,0.0,0.0,1.0
4134,0.0,0.0,0.0,1.0
4141,0.0,0.0,0.0,0.0
4145,0.0,0.0,0.0,1.0
4147,0.0,0.0,0.0,0.0
4148,0.0,0.0,0.0,1.0
4156,0.0,0.0,0.0,5.0
4158,0.0,0.0,0.0,1.0
4166,0.0,0.0,0.0,1.0
4180,0.0,0.0,0.0,0.0
4185,0.0,0.0,0.0,1.0
4188,0.0,0.0,0.0,1.0
4194,0.0,0.0,0.0,4.0
4197,0.0,0.0,0.0,2.0
4200,0.0,0.0,0.0,1.0
4204,0.0,0.0,0.0,1.0
4212,0.0,0.0,0.0,1.0
4225,0.0,0.0,0.0,5.0
4237,0.0,0.0,0.0,1.0
4240,0.0,0.0,0.0,2.0
4241,0.0,0.0,0.0,1.0
4242,0.0,0.0,0.0,1.0
4243,0.0,0.0,0.0,1.0
4247,0.0,0.0,0.0,0.0
4249,0.0,0.0,0.0,1.0
4253,0.0,0.0,0.0,1.0
4256,0.0,0.0,0.0,2.0
4257,0.0,0.0,0.0,1.0
4264,0.0,0.0,0.0,1.0
4269,0.0,0.0,0.0,1.0
4272,0.0,0.0,0.0,1.0
4273,0.0,0.0,0.0,1.0
4274,0.0,0.0,0.0,1.0
4277,0.0,0.0,0.0,1.0
4306,0.0,0.0,0.0,2.0
4307,0.0,0.0,0.0,5.0
4310,0.0,0.0,0.0,1.0
4314,0.0,0.0,0.0,1.0
4319,0.0,0.0,0.0,1.0
4324,0.0,0.0,0.0,0.0
4329,0.0,0.0,0.0,1.0
4331,0.0,0.0,0.0,1.0
4336,0.0,0.0,0.0,2.0
4343,0.0,0.0,0.0,1.0
4348,0.0,0.0,0.0,1.0
4352,0.0,0.0,0.0,2.0
4360,0.0,0.0,0.0,1.0
4363,0.0,0.0,0.0,1.0
4379,0.0,0.0,0.0,1.0
4384,0.0,0.0,0.0,1.0
4399,0.0,0.0,0.0,1.0
4400,0.0,0.0,0.0,1.0
4402,0.0,0.0,0.0,2.0
4409,0.0,0.0,0.0,1.0
4413,0.0,0.0,0.0,3.0
4421,0.0,0.0,0.0,1.0
4427,0.0,0.0,0.0,0.0
4437,0.0,0.0,0.0,5.0
4443,0.0,0.0,0.0,0.0
4455,0.0,0.0,0.0,4.0
4459,0.0,0.0,0.0,0.0
4477,0.0,0.0,0.0,1.0
4482,0.0,0.0,0.0,1.0
4484,0.0,0.0,0.0,1.0
4487,0.0,0.0,0.0,1.0
4490,0.0,0.0,0.0,1.0
4495,0.0,0.0,0.0,1.0
4499,0.0,0.0,0.0,2.0
4509,0.0,0.0,0.0,0.0
4510,0.0,0.0,0.0,1.0
4517,0.0,0.0,0.0,1.0
4519,0.0,0.0,0.0,1.0
4527,0.0,0.0,0.0,3.0
4530,0.0,0.0,0.0,1.0
4535,0.0,0.0,0.0,1.0
4541,0.0,0.0,0.0,1.0
4551,0.0,0.0,0.0,0.0
4563,0.0,0.0,0.0,2.0
4570,0.0,0.0,0.0,1.0
4573,0.0,0.0,0.0,1.0
4578,0.0,0.0,0.0,1.0
4579,0.0,0.0,0.0,1.0
4582,0.0,0.0,0.0,1.0
4587,0.0,0.0,0.0,1.0
4593,0.0,0.0,0.0,1.0
4598,0.0,0.0,0.0,1.0
4607,0.0,0.0,0.0,1.0
4616,0.0,0.0,0.0,2.0
4617,0.0,0.0,0.0,2.0
4625,0.0,0.0,0.0,1.0
4641,0.0,0.0,0.0,0.0
4656,0.0,0.0,0.0,1.0
4660,0.0,0.0,0.0,1.0
4661,0.0,0.0,0.0,1.0
4673,0.0,0.0,0.0,1.0
4681,0.0,0.0,0.0,1.0
4689,0.0,0.0,0.0,1.0
4693,0.0,0.0,0.0,2.0
4701,0.0,0.0,0.0,0.0
4706,0.0,0.0,0.0,1.0
4709,0.0,0.0,0.0,1.0
4713,0.0,0.0,0.0,1.0
4725,0.0,0.0,0.0,1.0
4729,0.0,0.0,0.0,0.0
4740,0.0,0.0,0.0,1.0
4747,0.0,0.0,0.0,1.0
4764,0.0,0.0,0.0,1.0
4765,0.0,0.0,0.0,0.0
4766,0.0,0.0,0.0,1.0
4769,0.0,0.0,0.0,1.0
4772,0.0,0.0,0.0,1.0
4773,0.0,0.0,0.0,2.0
4778,0.0,0.0,0.0,0.0
4781,0.0,0.0,0.0,1.0
4787,0.0,0.0,0.0,1.0
4806,0.0,0.0,0.0,1.0
4813,0.0,0.0,0.0,1.0
4818,0.0,0.0,0.0,1.0
4821,0.0,0.0,0.0,1.0
4822,0.0,0.0,0.0,1.0
4823,0.0,0.0,0.0,1.0
4828,0.0,0.0,0.0,1.0
4830,0.0,0.0,0.0,1.0
4842,0.0,0.0,0.0,2.0
4847,0.0,0.0,0.0,1.0
4863,0.0,0.0,0.0,1.0
4864,0.0,0.0,0.0,1.0
4874,0.0,0.0,0.0,1.0
4875,0.0,0.0,0.0,1.0
4877,0.0,0.0,0.0,1.0
4886,0.0,0.0,0.0,1.0
4889,0.0,0.0,0.0,1.0
4906,0.0,0.0,0.0,1.0
4911,0.0,0.0,0.0,1.0
4912,0.0,0.0,0.0,1.0
4918,0.0,0.0,0.0,1.0
4919,0.0,0.0,0.0,1.0
4921,0.0,0.0,0.0,1.0
4924,0.0,0.0,0.0,1.0
4925,0.0,0.0,0.0,1.0
4928,0.0,0.0,0.0,0.0
4933,0.0,0.0,0.0,0.0
4946,0.0,0.0,0.0,0.0
4948,0.0,0.0,0.0,1.0
4964,0.0,0.0,0.0,1.0
4973,0.0,0.0,0.0,1.0
4974,0.0,0.0,0.0,1.0
4980,0.0,0.0,0.0,1.0
4981,0.0,0.0,0.0,1.0
4990,0.0,0.0,0.0,1.0
4991,0.0,0.0,0.0,1.0
4997,0.0,0.0,0.0,1.0
5000,0.0,0.0,0.0,1.0
5005,0.0,0.0,0.0,1.0
5008,0.0,0.0,0.0,1.0
5015,0.0,0.0,0.0,1.0
5025,0.0,0.0,0.0,1.0
5026,0.0,0.0,0.0,1.0
5032,0.0,0.0,0.0,0.0
5033,0.0,0.0,0.0,0.0
5044,0.0,0.0,0.0,1.0
5046,0.0,0.0,0.0,1.0
5048,0.0,0.0,0.0,1.0
5058,0.0,0.0,0.0,1.0
5067,0.0,0.0,0.0,1.0
5089,0.0,0.0,0.0,1.0
5109,0.0,0.0,0.0,1.0
5111,0.0,0.0,0.0,1.0
5114,0.0,0.0,0.0,1.0
5117,0.0,0.0,0.0,1.0
5118,0.0,0.0,0.0,3.0
5132,0.0,0.0,0.0,0.0
5137,0.0,0.0,0.0,1.0
5138,0.0,0.0,0.0,1.0
5143,0.0,0.0,0.0,0.0
5146,0.0,0.0,0.0,1.0
5150,0.0,0.0,0.0,1.0
5151,0.0,0.0,0.0,0.0
5165,0.0,0.0,0.0,0.0
5167,0.023809523809523808,0.06666666666666667,0.03508771929824561,15.0
5171,0.0,0.0,0.0,1.0
5174,0.0,0.0,0.0,1.0
5177,0.0,0.0,0.0,1.0
5179,0.16666666666666666,0.5,0.25,2.0
5185,0.0,0.0,0.0,1.0
5192,0.0,0.0,0.0,1.0
5203,0.0,0.0,0.0,1.0
5204,0.0,0.0,0.0,1.0
5206,0.0,0.0,0.0,1.0
5210,0.0,0.0,0.0,1.0
5214,0.0,0.0,0.0,1.0
5217,0.0,0.0,0.0,1.0
5218,0.0,0.0,0.0,1.0
5221,0.0,0.0,0.0,0.0
5230,0.0,0.0,0.0,1.0
5231,0.0,0.0,0.0,1.0
5236,0.0,0.0,0.0,1.0
5238,0.0,0.0,0.0,1.0
5241,0.0,0.0,0.0,1.0
5244,0.0,0.0,0.0,1.0
5252,0.0,0.0,0.0,0.0
5253,0.0,0.0,0.0,1.0
5256,0.0,0.0,0.0,1.0
5257,0.0,0.0,0.0,1.0
5271,0.0,0.0,0.0,1.0
5274,0.0,0.0,0.0,1.0
5276,0.0,0.0,0.0,1.0
5282,0.0,0.0,0.0,4.0
5286,0.0,0.0,0.0,1.0
5293,0.0,0.0,0.0,1.0
5311,0.0,0.0,0.0,1.0
5312,0.0,0.0,0.0,0.0
5316,0.0,0.0,0.0,1.0
5320,0.0,0.0,0.0,1.0
5324,0.0,0.0,0.0,1.0
5326,0.0,0.0,0.0,1.0
5327,0.0,0.0,0.0,1.0
5334,0.0,0.0,0.0,1.0
5337,0.0,0.0,0.0,2.0
5341,0.0,0.0,0.0,1.0
5342,0.0,0.0,0.0,1.0
5346,0.0,0.0,0.0,5.0
5353,0.0,0.0,0.0,1.0
5359,0.14285714285714285,1.0,0.25,1.0
5360,0.0,0.0,0.0,1.0
5368,0.0,0.0,0.0,1.0
5372,0.0,0.0,0.0,1.0
5381,0.0,0.0,0.0,1.0
5383,0.0,0.0,0.0,1.0
5387,0.0,0.0,0.0,0.0
5390,0.0,0.0,0.0,1.0
5400,0.0,0.0,0.0,1.0
5403,0.0,0.0,0.0,2.0
5407,0.0,0.0,0.0,1.0
5411,0.0,0.0,0.0,1.0
5415,0.0,0.0,0.0,1.0
5417,0.0,0.0,0.0,1.0
5423,0.0,0.0,0.0,1.0
5439,0.0,0.0,0.0,1.0
5453,0.075,0.2727272727272727,0.11764705882352941,11.0
5464,0.0,0.0,0.0,1.0
5467,0.0,0.0,0.0,1.0
5470,0.0,0.0,0.0,1.0
5479,0.0,0.0,0.0,1.0
5491,0.0,0.0,0.0,1.0
5496,0.0,0.0,0.0,4.0
5500,0.0,0.0,0.0,0.0
5508,0.0,0.0,0.0,1.0
5513,0.0,0.0,0.0,1.0
5515,0.0,0.0,0.0,1.0
5516,0.0,0.0,0.0,2.0
5521,0.0,0.0,0.0,1.0
5523,0.0,0.0,0.0,1.0
5529,0.0,0.0,0.0,1.0
5534,0.0,0.0,0.0,1.0
5547,0.0,0.0,0.0,1.0
5548,0.0,0.0,0.0,1.0
5549,0.0,0.0,0.0,1.0
5557,0.0,0.0,0.0,1.0
5560,0.0,0.0,0.0,9.0
5567,0.0,0.0,0.0,1.0
5573,0.0,0.0,0.0,1.0
5577,0.0,0.0,0.0,1.0
5588,0.0,0.0,0.0,1.0
5590,0.0,0.0,0.0,1.0
5591,0.0,0.0,0.0,1.0
5593,0.0,0.0,0.0,1.0
5594,0.0,0.0,0.0,1.0
5601,0.0,0.0,0.0,1.0
5602,0.0,0.0,0.0,1.0
5604,0.0,0.0,0.0,1.0
5614,0.0,0.0,0.0,1.0
5630,0.0,0.0,0.0,1.0
5643,0.0,0.0,0.0,1.0
5648,0.0,0.0,0.0,1.0
5656,0.0,0.0,0.0,2.0
5662,0.0,0.0,0.0,2.0
5668,0.0,0.0,0.0,1.0
5672,0.0,0.0,0.0,1.0
5673,0.0,0.0,0.0,5.0
5676,0.0,0.0,0.0,1.0
5683,0.0,0.0,0.0,1.0
5692,0.0,0.0,0.0,1.0
5695,0.0,0.0,0.0,0.0
5705,0.0,0.0,0.0,1.0
5706,0.0,0.0,0.0,1.0
5710,0.0,0.0,0.0,2.0
5711,0.0,0.0,0.0,1.0
5715,0.0,0.0,0.0,1.0
5718,0.0,0.0,0.0,1.0
5719,0.0,0.0,0.0,2.0
5732,0.0,0.0,0.0,1.0
5737,0.0,0.0,0.0,1.0
5746,0.0,0.0,0.0,1.0
5749,0.0,0.0,0.0,2.0
5750,0.0,0.0,0.0,1.0
accuracy,0.031746031746031744,0.031746031746031744,0.031746031746031744,0.031746031746031744
macro avg,0.0009477956164032856,0.004677675187198614,0.001506419281400662,1323.0
weighted avg,0.008056178536377879,0.031746031746031744,0.012559772155139124,1323.0
